<?xml version="1.0" encoding="UTF-8"?>
<project-private xmlns="http://www.netbeans.org/ns/project-private/1">
    <editor-bookmarks xmlns="http://www.netbeans.org/ns/editor-bookmarks/2" lastBookmarkId="0"/>
    <open-files xmlns="http://www.netbeans.org/ns/projectui-open-files/2">
        <group>
            <file>file:/C:/Users/User/Desktop/NetBeansProjects/UTS/GUI%20Sink-Verification_2/src/view/V_homeVVK.java</file>
            <file>file:/C:/Users/User/Desktop/NetBeansProjects/UTS/GUI%20Sink-Verification_2/src/view/V_home.java</file>
            <file>file:/C:/Users/User/Desktop/NetBeansProjects/UTS/GUI%20Sink-Verification_2/src/view/V_daftarAkun.java</file>
            <file>file:/C:/Users/User/Desktop/NetBeansProjects/UTS/GUI%20Sink-Verification_2/src/view/V_homeKD.java</file>
            <file>file:/C:/Users/User/Desktop/NetBeansProjects/UTS/GUI%20Sink-Verification_2/src/view/V_login.java</file>
            <file>file:/C:/Users/User/Desktop/NetBeansProjects/UTS/GUI%20Sink-Verification_2/src/view/V_homeRT.java</file>
            <file>file:/C:/Users/User/Desktop/NetBeansProjects/UTS/GUI%20Sink-Verification_2/src/view/V_isiFormVVK.java</file>
            <file>file:/C:/Users/User/Desktop/NetBeansProjects/UTS/GUI%20Sink-Verification_2/src/modals/Koneksi.java</file>
            <file>file:/C:/Users/User/Desktop/NetBeansProjects/UTS/GUI%20Sink-Verification_2/src/view/V_daftarkanAkun.java</file>
        </group>
    </open-files>
</project-private>
